固有ID,装備ID,装備名,改修Lv,艦載機Lv,ロック,装備艦ID,装備艦
2,42,応急修理要員,0,0,1,-1,
162,75,ドラム缶(輸送用),0,0,1,-1,
163,75,ドラム缶(輸送用),0,0,1,96,長良改 Lv. 95
164,75,ドラム缶(輸送用),0,0,1,-1,
286,42,応急修理要員,0,0,1,-1,
318,42,応急修理要員,0,0,1,-1,
319,9,46cm三連装砲,0,0,1,39921,Richelieu改 Lv. 99
360,60,零式艦戦62型(爆戦),0,7,1,-1,
412,24,彗星,0,7,1,8022,天城改 Lv. 99
447,57,彗星一二型甲,0,7,1,-1,
529,24,彗星,0,7,1,8022,天城改 Lv. 99
542,45,三式爆雷投射機,6,0,1,46504,龍田改二 Lv. 86
659,41,甲標的,0,0,0,738,大井改二 Lv. 99
660,41,甲標的,0,0,0,11138,北上改二 Lv. 99
770,54,彩雲,0,7,1,35550,大鷹改二 Lv. 99
878,75,ドラム缶(輸送用),0,0,1,96,長良改 Lv. 95
927,15,61cm四連装(酸素)魚雷,0,0,1,25503,伊26改 Lv. 99
933,15,61cm四連装(酸素)魚雷,0,0,1,22975,呂500 Lv. 55
947,30,21号対空電探,0,0,1,-1,
948,15,61cm四連装(酸素)魚雷,0,0,1,22975,呂500 Lv. 55
992,54,彩雲,0,7,1,-1,
1069,41,甲標的,0,0,0,21,木曾改二 Lv. 99
1070,41,甲標的,0,0,0,5112,伊168 Lv. 46
1077,42,応急修理要員,0,0,1,-1,
1090,60,零式艦戦62型(爆戦),0,7,1,-1,
1096,41,甲標的,0,0,0,9023,伊8 Lv. 47
1097,41,甲標的,0,0,0,5258,まるゆ改 Lv. 83
1127,41,甲標的,0,0,0,5394,千代田甲 Lv. 69
1128,41,甲標的,0,0,0,3876,伊168 Lv. 90
1138,15,61cm四連装(酸素)魚雷,0,0,1,14820,伊401改 Lv. 99
1172,15,61cm四連装(酸素)魚雷,0,0,1,812,伊58改 Lv. 99
1270,75,ドラム缶(輸送用),0,0,1,-1,
1296,52,流星改,0,7,1,223,千歳航改二 Lv. 99
1297,24,彗星,0,7,1,8022,天城改 Lv. 99
1328,8,41cm連装砲,5,0,1,206,山城改二 Lv. 99
1346,41,甲標的,0,0,0,6668,伊58 Lv. 91
1362,41,甲標的,0,0,0,5931,伊58 Lv. 46
1382,41,甲標的,0,0,0,22905,U-511 Lv. 60
1383,41,甲標的,0,0,0,179,北上改二 Lv. 99
1389,15,61cm四連装(酸素)魚雷,0,0,1,43563,伊400改 Lv. 99
1390,15,61cm四連装(酸素)魚雷,0,0,1,285,伊168改 Lv. 99
1400,41,甲標的,0,0,0,5843,伊8 Lv. 91
1591,35,三式弾,0,0,1,22234,Pola改 Lv. 97
1617,22,烈風,0,7,1,40374,Ark Royal改 Lv. 99
1618,17,天山,0,2,1,10057,葛城改 Lv. 99
1714,42,応急修理要員,0,0,1,-1,
1766,42,応急修理要員,0,0,1,-1,
1873,152,零式艦戦52型(熟練),0,7,1,-1,
1874,100,彗星(江草隊),0,7,1,28961,Saratoga Mk.II Lv. 99
1875,98,九七式艦攻(熟練),0,7,1,48324,大鷹 Lv. 54
1876,61,二式艦上偵察機,0,7,1,-1,
1896,8,41cm連装砲,0,0,1,-1,
1897,30,21号対空電探,0,0,1,-1,
1900,24,彗星,0,7,1,8022,天城改 Lv. 99
1936,54,彩雲,0,7,1,3083,瑞鳳改二乙 Lv. 99
1990,75,ドラム缶(輸送用),0,0,1,-1,
2033,17,天山,0,3,1,10057,葛城改 Lv. 99
2114,22,烈風,0,7,1,316,千代田航改二 Lv. 99
2161,58,61cm五連装(酸素)魚雷,6,0,1,-1,
2234,52,流星改,0,7,1,3781,鈴谷航改二 Lv. 99
2442,86,艦艇修理施設,0,0,1,1620,明石改 Lv. 50
2498,45,三式爆雷投射機,6,0,1,48293,日振改 Lv. 78
2653,75,ドラム缶(輸送用),0,0,1,3,如月改二 Lv. 99
2800,15,61cm四連装(酸素)魚雷,0,0,1,3809,伊19改 Lv. 99
2919,17,天山,0,7,1,10057,葛城改 Lv. 99
2941,86,艦艇修理施設,0,0,1,1620,明石改 Lv. 50
3019,15,61cm四連装(酸素)魚雷,0,0,1,1855,伊19改 Lv. 99
3063,58,61cm五連装(酸素)魚雷,0,0,1,1855,伊19改 Lv. 99
3086,22,烈風,0,7,1,223,千歳航改二 Lv. 99
3087,57,彗星一二型甲,0,7,1,-1,
3200,52,流星改,0,7,1,223,千歳航改二 Lv. 99
3214,75,ドラム缶(輸送用),0,0,1,303,弥生改 Lv. 99
3225,104,35.6cm連装砲(ダズル迷彩),0,0,1,-1,
3226,104,35.6cm連装砲(ダズル迷彩),0,0,1,-1,
3227,35,三式弾,0,0,1,-1,
3228,27,13号対空電探,0,0,1,-1,
3315,18,流星,0,7,1,10440,雲龍改 Lv. 99
3450,18,流星,0,7,1,10440,雲龍改 Lv. 99
3459,63,12.7cm連装砲B型改二,0,0,1,28612,山風改 Lv. 62
3460,15,61cm四連装(酸素)魚雷,0,0,1,1478,伊8改 Lv. 99
3828,41,甲標的,0,0,0,4944,伊19 Lv. 92
3829,60,零式艦戦62型(爆戦),0,7,1,-1,
3831,17,天山,0,7,1,10057,葛城改 Lv. 99
3997,15,61cm四連装(酸素)魚雷,0,0,1,43563,伊400改 Lv. 99
4072,35,三式弾,0,0,1,10465,Roma改 Lv. 99
4095,58,61cm五連装(酸素)魚雷,0,0,1,3117,伊8改 Lv. 99
4096,27,13号対空電探,0,0,1,3206,野分改 Lv. 35
4103,75,ドラム缶(輸送用),0,0,1,-1,
4106,57,彗星一二型甲,0,7,1,-1,
4127,63,12.7cm連装砲B型改二,0,0,1,-1,
4128,101,照明弾,0,0,1,12853,江風改二 Lv. 98
4161,90,20.3cm(2号)連装砲,0,0,1,599,鬼怒改二 Lv. 97
4162,90,20.3cm(2号)連装砲,0,0,1,75,川内改二 Lv. 91
4224,22,烈風,0,7,1,-1,
4381,90,20.3cm(2号)連装砲,0,0,1,40394,由良改 Lv. 39
4382,90,20.3cm(2号)連装砲,0,0,1,75,川内改二 Lv. 91
4536,101,照明弾,0,0,1,-1,
4538,102,九八式水上偵察機(夜偵),0,7,1,19429,Zara due Lv. 96
4717,92,毘式40mm連装機銃,0,0,1,-1,
4732,42,応急修理要員,0,0,1,-1,
4733,120,91式高射装置,0,0,1,-1,
4774,120,91式高射装置,0,0,1,-1,
4775,122,10cm連装高角砲+高射装置,0,0,1,3113,秋月改 Lv. 99
4776,15,61cm四連装(酸素)魚雷,0,0,1,-1,
4802,43,応急修理女神,0,0,1,-1,
4803,123,SKC34 20.3cm連装砲,0,0,1,216,妙高改二 Lv. 99
4804,115,Ar196改,0,7,1,44383,金剛改二 Lv. 97
4866,75,ドラム缶(輸送用),0,0,1,12,睦月改二 Lv. 99
5137,71,10cm連装高角砲(砲架),0,0,1,-1,
5183,92,毘式40mm連装機銃,0,0,1,-1,
5537,71,10cm連装高角砲(砲架),0,0,1,-1,
5616,75,ドラム缶(輸送用),0,0,1,22466,春風改 Lv. 96
5674,92,毘式40mm連装機銃,0,0,1,599,鬼怒改二 Lv. 97
5735,8,41cm連装砲,5,0,1,207,扶桑改二 Lv. 99
5793,92,毘式40mm連装機銃,0,0,1,-1,
5929,44,九四式爆雷投射機,0,0,1,35557,択捉改 Lv. 94
6092,92,毘式40mm連装機銃,0,0,1,75,川内改二 Lv. 91
6115,86,艦艇修理施設,0,0,1,1620,明石改 Lv. 50
6119,68,大発動艇,0,0,1,20,文月改二 Lv. 99
6266,75,ドラム缶(輸送用),0,0,1,22466,春風改 Lv. 96
6271,45,三式爆雷投射機,0,0,1,43357,対馬改 Lv. 82
6471,47,三式水中探信儀,6,0,1,-1,
6476,70,三式指揮連絡機(対潜),0,0,1,-1,
6477,69,カ号観測機,0,0,1,-1,
6531,139,15.2cm連装砲改,6,0,1,35651,由良改二 Lv. 99
6532,107,艦隊司令部施設,0,0,1,-1,
6533,106,13号対空電探改,0,0,1,13502,磯風乙改 Lv. 85
6603,15,61cm四連装(酸素)魚雷,0,0,1,3117,伊8改 Lv. 99
6619,42,応急修理要員,0,0,1,-1,
6649,8,41cm連装砲,5,0,1,44383,金剛改二 Lv. 97
6693,47,三式水中探信儀,0,0,1,13020,Libeccio改 Lv. 97
6920,15,61cm四連装(酸素)魚雷,0,0,1,715,伊58改 Lv. 99
6921,47,三式水中探信儀,0,0,1,5529,Z1 zwei Lv. 78
7043,75,ドラム缶(輸送用),0,0,1,16825,海風改 Lv. 30
7049,8,41cm連装砲,5,0,1,44358,比叡改二 Lv. 97
7112,47,三式水中探信儀,6,0,1,18,那珂改二 Lv. 87
7145,123,SKC34 20.3cm連装砲,0,0,1,5534,那智改二 Lv. 98
7146,84,2cm 四連装FlaK 38,0,0,1,-1,
7147,124,FuMO25 レーダー,0,0,1,431,比叡改二 Lv. 99
7154,157,零式艦戦53型(岩本隊),10,7,1,1144,瑞鶴改二甲 Lv. 99
7155,97,九九式艦爆(熟練),0,7,1,-1,
7156,94,天山一二型(友永隊),0,7,1,10614,大鳳改 Lv. 99
7241,47,三式水中探信儀,6,0,1,2029,夕張改 Lv. 99
7242,87,新型高温高圧缶,0,0,1,32411,伊14改 Lv. 99
7283,46,九三式水中聴音機,0,0,1,48269,択捉 Lv. 5
7398,63,12.7cm連装砲B型改二,0,0,1,30566,江風 Lv. 1
7399,75,ドラム缶(輸送用),0,0,1,13274,清霜改 Lv. 40
7592,50,20.3cm(3号)連装砲,0,0,1,5534,那智改二 Lv. 98
7594,79,瑞雲(六三四空),0,7,1,-1,
7627,63,12.7cm連装砲B型改二,0,0,1,39392,山風 Lv. 1
7628,75,ドラム缶(輸送用),0,0,1,-1,
7818,75,ドラム缶(輸送用),0,0,1,-1,
7828,50,20.3cm(3号)連装砲,0,0,1,34195,鈴谷改二 Lv. 98
7829,89,21号対空電探改,0,0,1,-1,
7830,79,瑞雲(六三四空),0,7,1,-1,
7947,50,20.3cm(3号)連装砲,0,0,1,5056,足柄改二 Lv. 98
7995,64,Ju87C改,0,7,1,-1,
8068,9,46cm三連装砲,0,0,1,469,霧島改二 Lv. 99
8070,59,零式水上観測機,0,7,1,-1,
8233,46,九三式水中聴音機,0,0,1,35463,占守改 Lv. 93
8271,63,12.7cm連装砲B型改二,0,0,1,10538,高波改 Lv. 30
8272,75,ドラム缶(輸送用),0,0,1,-1,
8287,86,艦艇修理施設,0,0,1,1620,明石改 Lv. 50
8347,45,三式爆雷投射機,0,0,1,-1,
8349,45,三式爆雷投射機,0,0,1,48514,大東改 Lv. 78
8399,68,大発動艇,0,0,1,20,文月改二 Lv. 99
8431,75,ドラム缶(輸送用),0,0,1,-1,
8448,46,九三式水中聴音機,0,0,1,35373,国後改 Lv. 93
8462,47,三式水中探信儀,0,0,1,11373,初春改二 Lv. 79
8477,64,Ju87C改,0,7,1,-1,
8493,35,三式弾,0,0,1,216,妙高改二 Lv. 99
8589,70,三式指揮連絡機(対潜),0,0,1,-1,
8590,69,カ号観測機,0,0,1,-1,
8609,90,20.3cm(2号)連装砲,0,0,1,28219,青葉改 Lv. 72
8610,90,20.3cm(2号)連装砲,0,0,1,49198,三隈 Lv. 30
8611,90,20.3cm(2号)連装砲,0,0,1,24,神通改二 Lv. 98
8612,78,12.7cm単装砲,0,0,1,49231,Z3 Lv. 1
8621,60,零式艦戦62型(爆戦),0,7,1,-1,
8623,61,二式艦上偵察機,0,7,1,-1,
8633,35,三式弾,0,0,1,6294,大和改 Lv. 99
8672,106,13号対空電探改,0,0,1,-1,
8694,9,46cm三連装砲,0,0,1,-1,
9052,75,ドラム缶(輸送用),0,0,1,39698,旗風改 Lv. 74
9075,35,三式弾,0,0,1,-1,
9172,9,46cm三連装砲,0,0,1,25846,Warspite改 Lv. 99
9231,66,8cm高角砲,0,0,1,-1,
9245,35,三式弾,0,0,1,5056,足柄改二 Lv. 98
9335,105,試製41cm三連装砲,6,0,1,3721,長門改二 Lv. 99
9338,80,瑞雲12型,0,7,1,33997,熊野改二 Lv. 98
9645,75,ドラム缶(輸送用),0,0,1,-1,
9763,45,三式爆雷投射機,6,0,1,106,村雨改二 Lv. 97
9764,44,九四式爆雷投射機,0,0,1,35373,国後改 Lv. 93
9785,9,46cm三連装砲,0,0,1,-1,
9786,12,15.5cm三連装副砲,0,0,1,-1,
9787,59,零式水上観測機,0,7,1,-1,
10277,75,ドラム缶(輸送用),0,0,1,48,皐月改二 Lv. 99
10279,47,三式水中探信儀,0,0,1,106,村雨改二 Lv. 97
10423,125,61cm三連装(酸素)魚雷,0,0,1,7157,呂500 Lv. 99
10424,121,94式高射装置,0,0,1,-1,
10425,106,13号対空電探改,0,0,1,-1,
10455,68,大発動艇,0,0,1,5,Верный Lv. 99
10571,70,三式指揮連絡機(対潜),0,0,1,-1,
10572,69,カ号観測機,0,0,1,-1,
10596,90,20.3cm(2号)連装砲,0,0,1,599,鬼怒改二 Lv. 97
10597,90,20.3cm(2号)連装砲,0,0,1,6371,古鷹改二 Lv. 78
10598,140,96式150cm探照灯,0,0,1,-1,
10663,95,潜水艦53cm艦首魚雷(8門),0,0,1,-1,
10685,90,20.3cm(2号)連装砲,0,0,1,6371,古鷹改二 Lv. 78
10686,90,20.3cm(2号)連装砲,0,0,1,11764,加古改二 Lv. 77
10688,95,潜水艦53cm艦首魚雷(8門),0,0,1,-1,
10771,75,ドラム缶(輸送用),0,0,1,7086,能代改 Lv. 82
10907,110,烈風(六〇一空),0,7,1,-1,
10908,75,ドラム缶(輸送用),0,0,1,7086,能代改 Lv. 82
10972,44,九四式爆雷投射機,0,0,1,35463,占守改 Lv. 93
10977,139,15.2cm連装砲改,6,0,1,1129,阿武隈改二 Lv. 99
11022,113,流星(六〇一空),0,7,1,10614,大鳳改 Lv. 99
11023,128,試製51cm連装砲,5,0,1,5183,武蔵改二 Lv. 99
11088,126,WG42 (Wurfgerät 42),0,0,1,20915,大潮改二 Lv. 98
11089,126,WG42 (Wurfgerät 42),0,0,1,-1,
11164,105,試製41cm三連装砲,6,0,1,3721,長門改二 Lv. 99
11167,80,瑞雲12型,0,7,1,13108,瑞穂改 Lv. 99
11171,75,ドラム缶(輸送用),0,0,1,39,三日月改 Lv. 92
11190,9,46cm三連装砲,0,0,1,431,比叡改二 Lv. 99
11198,35,三式弾,0,0,1,-1,
11392,35,三式弾,0,0,1,44355,霧島改二 Lv. 91
12221,75,ドラム缶(輸送用),0,0,1,22466,春風改 Lv. 96
12333,217,強風改,0,6,1,34195,鈴谷改二 Lv. 98
12334,35,三式弾,0,0,1,200,羽黒改二 Lv. 99
12457,41,甲標的,0,0,1,32551,木曾改二 Lv. 82
12458,41,甲標的,0,0,1,52964,伊19 Lv. 20
12473,75,ドラム缶(輸送用),0,0,1,-1,
12478,12,15.5cm三連装副砲,0,0,1,32551,木曾改二 Lv. 82
12532,122,10cm連装高角砲+高射装置,0,0,1,29355,秋月改 Lv. 76
12533,106,13号対空電探改,0,0,1,29355,秋月改 Lv. 76
12552,41,甲標的,0,0,0,13000,大井改二 Lv. 99
12553,41,甲標的,0,0,1,13108,瑞穂改 Lv. 99
12793,75,ドラム缶(輸送用),0,0,1,22100,神風改 Lv. 96
12828,12,15.5cm三連装副砲,0,0,1,11138,北上改二 Lv. 99
12903,12,15.5cm三連装副砲,0,0,1,-1,
13045,75,ドラム缶(輸送用),0,0,1,38695,長月改 Lv. 54
13072,35,三式弾,0,0,1,5183,武蔵改二 Lv. 99
13096,12,15.5cm三連装副砲,0,0,1,-1,
13118,127,試製FaT仕様九五式酸素魚雷改,0,0,1,-1,
13264,91,12.7cm連装高角砲(後期型),0,0,1,-1,
13338,75,ドラム缶(輸送用),0,0,1,39698,旗風改 Lv. 74
13356,35,三式弾,0,0,1,3721,長門改二 Lv. 99
13368,35,三式弾,0,0,1,5534,那智改二 Lv. 98
13408,35,三式弾,0,0,1,-1,
13409,120,91式高射装置,0,0,1,-1,
13466,47,三式水中探信儀,0,0,1,41415,大井改二 Lv. 82
13473,116,一式徹甲弾,0,0,1,-1,
13588,90,20.3cm(2号)連装砲,0,0,1,40394,由良改 Lv. 39
13589,131,25mm三連装機銃 集中配備,0,0,1,-1,
13590,121,94式高射装置,0,0,1,-1,
13692,75,ドラム缶(輸送用),0,0,1,3447,卯月改 Lv. 99
13998,75,ドラム缶(輸送用),0,0,1,3698,時津風改 Lv. 68
14415,75,ドラム缶(輸送用),0,0,1,28666,瑞穂改 Lv. 41
14724,75,ドラム缶(輸送用),0,0,1,3447,卯月改 Lv. 99
14772,91,12.7cm連装高角砲(後期型),0,0,1,18131,Z3 zwei Lv. 78
14773,106,13号対空電探改,0,0,1,13250,照月改 Lv. 99
14774,120,91式高射装置,0,0,1,-1,
14910,75,ドラム缶(輸送用),0,0,1,39,三日月改 Lv. 92
15175,75,ドラム缶(輸送用),0,0,1,39,三日月改 Lv. 92
15220,128,試製51cm連装砲,5,0,1,6294,大和改 Lv. 99
15239,120,91式高射装置,0,0,1,-1,
15240,111,彗星(六〇一空),0,7,1,-1,
15243,126,WG42 (Wurfgerät 42),0,0,1,-1,
15267,113,流星(六〇一空),0,7,1,-1,
15268,136,プリエーゼ式水中防御隔壁,0,0,1,-1,
15269,134,OTO 152mm三連装速射砲,10,0,1,179,北上改二 Lv. 99
15286,66,8cm高角砲,0,0,1,-1,
15294,133,381mm/50 三連装砲,0,0,1,-1,
15295,134,OTO 152mm三連装速射砲,0,0,1,13000,大井改二 Lv. 99
15296,136,プリエーゼ式水中防御隔壁,0,0,1,-1,
15297,137,381mm/50 三連装砲改,1,0,1,-1,
15298,135,90mm単装高角砲,0,0,1,16639,酒匂改 Lv. 72
15373,137,381mm/50 三連装砲改,0,0,1,-1,
15374,138,二式大艇,0,6,1,-1,
15375,43,応急修理女神,0,0,1,-1,
15448,90,20.3cm(2号)連装砲,0,0,1,49198,三隈 Lv. 30
15449,129,熟練見張員,0,0,1,-1,
15450,74,探照灯,10,0,1,77,時雨改二 Lv. 135
15451,88,22号対水上電探改四,0,0,1,3526,飛龍改二 Lv. 99
15523,138,二式大艇,0,7,1,-1,
15526,124,FuMO25 レーダー,0,0,1,39921,Richelieu改 Lv. 99
15527,110,烈風(六〇一空),0,7,1,10614,大鳳改 Lv. 99
15528,111,彗星(六〇一空),0,7,1,10614,大鳳改 Lv. 99
15529,112,天山(六〇一空),0,7,1,-1,
15718,91,12.7cm連装高角砲(後期型),0,0,1,13502,磯風乙改 Lv. 85
15719,125,61cm三連装(酸素)魚雷,0,0,1,7157,呂500 Lv. 99
15733,91,12.7cm連装高角砲(後期型),0,0,1,34596,霞改二 Lv. 86
15734,91,12.7cm連装高角砲(後期型),0,0,1,34596,霞改二 Lv. 86
15735,125,61cm三連装(酸素)魚雷,0,0,1,40019,伊504 Lv. 99
15792,133,381mm/50 三連装砲,0,0,1,-1,
15793,134,OTO 152mm三連装速射砲,10,0,1,179,北上改二 Lv. 99
15794,136,プリエーゼ式水中防御隔壁,0,0,1,-1,
15820,91,12.7cm連装高角砲(後期型),0,0,1,18131,Z3 zwei Lv. 78
15821,125,61cm三連装(酸素)魚雷,0,0,1,-1,
15894,75,ドラム缶(輸送用),0,0,1,3698,時津風改 Lv. 68
15984,75,ドラム缶(輸送用),0,0,1,39698,旗風改 Lv. 74
16096,22,烈風,0,7,1,29483,赤城改 Lv. 90
16098,71,10cm連装高角砲(砲架),0,0,1,-1,
16196,75,ドラム缶(輸送用),0,0,1,22100,神風改 Lv. 96
16235,68,大発動艇,0,0,1,32208,鬼怒改二 Lv. 89
16243,88,22号対水上電探改四,0,0,1,210,蒼龍改二 Lv. 99
16248,27,13号対空電探,0,0,1,-1,
16264,103,試製35.6cm三連装砲,0,0,1,44355,霧島改二 Lv. 91
16414,75,ドラム缶(輸送用),0,0,1,38695,長月改 Lv. 54
16465,237,瑞雲(六三四空/熟練),0,7,1,-1,
16476,70,三式指揮連絡機(対潜),0,0,1,-1,
16477,69,カ号観測機,0,0,1,-1,
16507,79,瑞雲(六三四空),0,7,1,-1,
16617,109,零戦52型丙(六〇一空),0,7,1,-1,
16618,111,彗星(六〇一空),0,7,1,11441,翔鶴改二甲 Lv. 99
16619,112,天山(六〇一空),0,7,1,48324,大鷹 Lv. 54
16677,75,ドラム缶(輸送用),0,0,1,54,白露改 Lv. 61
16698,91,12.7cm連装高角砲(後期型),0,0,1,17223,霞改二 Lv. 98
16767,91,12.7cm連装高角砲(後期型),0,0,1,17223,霞改二 Lv. 98
16771,91,12.7cm連装高角砲(後期型),0,0,1,9327,浦風丁改 Lv. 80
16985,75,ドラム缶(輸送用),0,0,1,22100,神風改 Lv. 96
16988,42,応急修理要員,0,0,1,-1,
17009,91,12.7cm連装高角砲(後期型),0,0,1,51073,霰改二 Lv. 84
17071,47,三式水中探信儀,0,0,1,43384,佐渡改 Lv. 82
17231,42,応急修理要員,0,0,1,-1,
17289,75,ドラム缶(輸送用),0,0,1,40448,Commandant Teste Lv. 12
17327,108,熟練艦載機整備員,0,0,1,-1,
17506,57,彗星一二型甲,0,7,1,-1,
17550,75,ドラム缶(輸送用),0,0,1,13274,清霜改 Lv. 40
17558,137,381mm/50 三連装砲改,10,0,1,10465,Roma改 Lv. 99
17559,134,OTO 152mm三連装速射砲,5,0,1,738,大井改二 Lv. 99
17560,135,90mm単装高角砲,0,0,1,28984,摩耶改二 Lv. 92
17561,91,12.7cm連装高角砲(後期型),0,0,1,-1,
17608,22,烈風,0,7,1,31370,加賀改 Lv. 90
17700,75,ドラム缶(輸送用),0,0,1,3698,時津風改 Lv. 68
17727,55,紫電改二,0,7,1,-1,
17912,52,流星改,0,7,1,223,千歳航改二 Lv. 99
18202,75,ドラム缶(輸送用),0,0,1,96,長良改 Lv. 95
18241,57,彗星一二型甲,0,7,1,-1,
18242,52,流星改,0,7,1,180,熊野航改二 Lv. 99
18353,75,ドラム缶(輸送用),0,0,1,40448,Commandant Teste Lv. 12
18375,137,381mm/50 三連装砲改,10,0,1,10465,Roma改 Lv. 99
18376,134,OTO 152mm三連装速射砲,5,0,1,738,大井改二 Lv. 99
18377,135,90mm単装高角砲,0,0,1,16639,酒匂改 Lv. 72
18399,91,12.7cm連装高角砲(後期型),0,0,1,51073,霰改二 Lv. 84
18465,42,応急修理要員,0,0,1,-1,
18495,103,試製35.6cm三連装砲,0,0,1,44355,霧島改二 Lv. 91
18542,75,ドラム缶(輸送用),0,0,1,38695,長月改 Lv. 54
18573,91,12.7cm連装高角砲(後期型),0,0,1,9327,浦風丁改 Lv. 80
18682,58,61cm五連装(酸素)魚雷,0,0,1,1478,伊8改 Lv. 99
18719,55,紫電改二,0,7,1,50045,Intrepid改 Lv. 81
18734,91,12.7cm連装高角砲(後期型),0,0,1,-1,
18735,106,13号対空電探改,0,0,1,-1,
18736,68,大発動艇,0,0,1,-1,
18747,55,紫電改二,0,7,1,-1,
18796,52,流星改,0,7,1,3781,鈴谷航改二 Lv. 99
18872,75,ドラム缶(輸送用),0,0,1,7086,能代改 Lv. 82
18966,22,烈風,0,7,1,16577,Graf Zeppelin改 Lv. 99
18967,18,流星,0,7,1,10440,雲龍改 Lv. 99
19351,90,20.3cm(2号)連装砲,0,0,1,24,神通改二 Lv. 98
19352,90,20.3cm(2号)連装砲,0,0,1,28219,青葉改 Lv. 72
19382,58,61cm五連装(酸素)魚雷,0,0,1,285,伊168改 Lv. 99
19410,22,烈風,0,7,1,1108,加賀改 Lv. 99
19441,71,10cm連装高角砲(砲架),0,0,1,-1,
19500,120,91式高射装置,0,0,1,-1,
19502,145,戦闘糧食,6,0,1,-1,
19554,27,13号対空電探,0,0,1,-1,
19580,142,15m二重測距儀+21号電探改二,0,0,1,537,榛名改二 Lv. 99
19581,144,天山一二型(村田隊),0,7,1,1144,瑞鶴改二甲 Lv. 99
19582,42,応急修理要員,0,0,1,-1,
19687,75,ドラム缶(輸送用),0,0,1,-1,
19705,146,洋上補給,0,0,1,-1,
19706,146,洋上補給,0,0,1,-1,
19708,146,洋上補給,0,0,1,-1,
19751,147,120mm連装砲,0,0,1,-1,
19752,146,洋上補給,0,0,1,-1,
19756,146,洋上補給,0,0,1,-1,
19839,146,洋上補給,0,0,1,-1,
19840,146,洋上補給,0,0,1,-1,
19905,59,零式水上観測機,0,7,1,-1,
19938,75,ドラム缶(輸送用),0,0,1,16926,朝霜改 Lv. 96
20092,122,10cm連装高角砲+高射装置,0,0,1,29441,初月改 Lv. 73
20190,59,零式水上観測機,0,7,1,3950,大鯨 Lv. 55
20331,75,ドラム缶(輸送用),0,0,1,40448,Commandant Teste Lv. 12
20580,75,ドラム缶(輸送用),0,0,1,25525,水無月改 Lv. 99
20861,75,ドラム缶(輸送用),0,0,1,3447,卯月改 Lv. 99
21100,122,10cm連装高角砲+高射装置,0,0,1,29441,初月改 Lv. 73
21101,106,13号対空電探改,0,0,1,51462,陽炎改二 Lv. 74
21152,75,ドラム缶(輸送用),0,0,1,32208,鬼怒改二 Lv. 89
21218,91,12.7cm連装高角砲(後期型),0,0,1,11373,初春改二 Lv. 79
21365,59,零式水上観測機,0,7,1,6371,古鷹改二 Lv. 78
21500,146,洋上補給,0,0,1,-1,
21521,75,ドラム缶(輸送用),0,0,1,25525,水無月改 Lv. 99
21753,75,ドラム缶(輸送用),0,0,1,16926,朝霜改 Lv. 96
21764,82,九七式艦攻(九三一空),0,7,1,-1,
21976,144,天山一二型(村田隊),0,7,1,11441,翔鶴改二甲 Lv. 99
22039,76,38cm連装砲,0,0,1,-1,
22040,77,15cm連装副砲,0,0,1,-1,
22054,58,61cm五連装(酸素)魚雷,6,0,1,-1,
22129,76,38cm連装砲,0,0,1,-1,
22130,77,15cm連装副砲,0,0,1,-1,
22173,75,ドラム缶(輸送用),0,0,1,28666,瑞穂改 Lv. 41
22232,59,零式水上観測機,0,7,1,-1,
22233,41,甲標的,0,0,0,33011,阿武隈改二 Lv. 87
22239,76,38cm連装砲,0,0,1,-1,
22240,85,3.7cm FlaK M42,0,0,1,-1,
22241,84,2cm 四連装FlaK 38,0,0,1,-1,
22421,50,20.3cm(3号)連装砲,0,0,1,7067,阿賀野改 Lv. 56
22435,114,38cm連装砲改,0,0,1,-1,
22436,114,38cm連装砲改,0,0,1,-1,
22437,85,3.7cm FlaK M42,0,0,1,-1,
22438,115,Ar196改,0,7,1,40394,由良改 Lv. 39
22511,47,三式水中探信儀,6,0,1,46504,龍田改二 Lv. 86
22599,75,ドラム缶(輸送用),0,0,1,3074,春雨改 Lv. 68
22732,50,20.3cm(3号)連装砲,0,0,1,22234,Pola改 Lv. 97
23009,75,ドラム缶(輸送用),0,0,1,-1,
23032,29,33号対水上電探,0,0,1,-1,
23068,149,四式水中聴音機,0,0,1,328,浜風乙改 Lv. 92
23086,36,九一式徹甲弾,0,0,1,206,山城改二 Lv. 99
23119,116,一式徹甲弾,0,0,1,-1,
23145,116,一式徹甲弾,0,0,1,14610,Bismarck drei Lv. 99
23235,72,増設バルジ(中型艦),0,0,1,-1,
23273,12,15.5cm三連装副砲,0,0,1,-1,
23323,75,ドラム缶(輸送用),0,0,1,25525,水無月改 Lv. 99
23324,27,13号対空電探,0,0,1,16604,嵐改 Lv. 35
23376,29,33号対水上電探,0,0,1,395,吹雪改二 Lv. 91
23380,72,増設バルジ(中型艦),0,0,1,-1,
23398,63,12.7cm連装砲B型改二,0,0,1,-1,
23400,147,120mm連装砲,0,0,1,-1,
23401,147,120mm連装砲,0,0,1,-1,
23424,12,15.5cm三連装副砲,0,0,1,-1,
23447,63,12.7cm連装砲B型改二,0,0,1,43222,曙改 Lv. 32
23448,106,13号対空電探改,0,0,1,26874,浦波改 Lv. 31
23493,116,一式徹甲弾,0,0,1,5183,武蔵改二 Lv. 99
23524,79,瑞雲(六三四空),0,7,1,-1,
23544,216,二式水戦改(熟練),0,7,1,10261,秋津洲改 Lv. 82
23576,44,九四式爆雷投射機,0,0,0,7652,谷風改 Lv. 30
23577,46,九三式水中聴音機,0,0,0,7652,谷風改 Lv. 30
23610,57,彗星一二型甲,0,7,1,-1,
23661,41,甲標的,0,0,1,1129,阿武隈改二 Lv. 99
23695,154,零戦62型(爆戦/岩井隊),0,7,1,-1,
23848,55,紫電改二,0,7,1,-1,
23859,75,ドラム缶(輸送用),0,0,1,28857,朝風改 Lv. 95
23907,42,応急修理要員,0,0,1,-1,
23973,109,零戦52型丙(六〇一空),0,7,1,-1,
23974,113,流星(六〇一空),0,7,1,29483,赤城改 Lv. 90
23979,18,流星,0,7,1,10440,雲龍改 Lv. 99
23987,92,毘式40mm連装機銃,0,0,1,24,神通改二 Lv. 98
24195,41,甲標的,0,0,0,41415,大井改二 Lv. 82
24252,54,彩雲,0,7,1,29483,赤城改 Lv. 90
24341,75,ドラム缶(輸送用),0,0,1,54,白露改 Lv. 61
24345,52,流星改,0,7,1,3781,鈴谷航改二 Lv. 99
24623,152,零式艦戦52型(熟練),0,7,1,-1,
24624,97,九九式艦爆(熟練),0,7,1,-1,
24625,93,九七式艦攻(友永隊),0,7,1,-1,
24695,75,ドラム缶(輸送用),0,0,1,303,弥生改 Lv. 99
24778,72,増設バルジ(中型艦),0,0,1,-1,
24798,72,増設バルジ(中型艦),0,0,1,-1,
24832,129,熟練見張員,0,0,1,-1,
24860,43,応急修理女神,0,0,1,-1,
24904,86,艦艇修理施設,0,0,1,-1,
25062,119,14cm連装砲,0,0,1,-1,
25192,75,ドラム缶(輸送用),0,0,1,-1,
25238,158,Bf109T改,0,7,1,-1,
25239,160,10.5cm連装砲,0,0,1,-1,
25278,158,Bf109T改,0,7,1,-1,
25279,146,洋上補給,0,0,1,-1,
25317,45,三式爆雷投射機,6,0,1,328,浜風乙改 Lv. 92
25478,71,10cm連装高角砲(砲架),0,0,1,-1,
25709,45,三式爆雷投射機,6,0,1,18,那珂改二 Lv. 87
25864,75,ドラム缶(輸送用),0,0,1,20,文月改二 Lv. 99
26125,119,14cm連装砲,0,0,1,-1,
26243,12,15.5cm三連装副砲,0,0,1,33011,阿武隈改二 Lv. 87
26246,12,15.5cm三連装副砲,0,0,1,33011,阿武隈改二 Lv. 87
26275,12,15.5cm三連装副砲,0,0,1,32551,木曾改二 Lv. 82
26390,75,ドラム缶(輸送用),0,0,1,28351,球磨改 Lv. 55
26416,159,Fw190T改,0,7,1,-1,
26417,64,Ju87C改,0,7,1,-1,
26418,160,10.5cm連装砲,0,0,1,-1,
26419,119,14cm連装砲,0,0,1,-1,
26440,74,探照灯,0,0,1,-1,
26441,47,三式水中探信儀,6,0,1,35557,択捉改 Lv. 94
26445,138,二式大艇,0,2,1,-1,
26462,35,三式弾,0,0,1,280,金剛改二 Lv. 99
26544,12,15.5cm三連装副砲,0,0,1,11138,北上改二 Lv. 99
26591,47,三式水中探信儀,6,0,1,23377,朝潮改二丁 Lv. 98
26662,72,増設バルジ(中型艦),0,0,1,-1,
26664,12,15.5cm三連装副砲,0,0,1,-1,
26713,75,ドラム缶(輸送用),0,0,1,16825,海風改 Lv. 30
26750,72,増設バルジ(中型艦),0,0,1,-1,
27139,75,ドラム缶(輸送用),0,0,1,303,弥生改 Lv. 99
27227,29,33号対水上電探,0,0,1,-1,
27404,75,ドラム缶(輸送用),0,0,1,16825,海風改 Lv. 30
27410,43,応急修理女神,0,0,1,-1,
27454,91,12.7cm連装高角砲(後期型),0,0,1,9689,叢雲改二 Lv. 89
27456,106,13号対空電探改,0,0,1,51073,霰改二 Lv. 84
27560,116,一式徹甲弾,0,0,1,22629,Iowa改 Lv. 99
27620,78,12.7cm単装砲,0,0,1,-1,
27643,152,零式艦戦52型(熟練),0,7,1,-1,
27644,99,九九式艦爆(江草隊),0,7,1,-1,
27645,98,九七式艦攻(熟練),0,7,1,48324,大鷹 Lv. 54
27647,29,33号対水上電探,0,0,1,-1,
27841,72,増設バルジ(中型艦),0,0,1,-1,
27984,75,ドラム缶(輸送用),0,0,1,16926,朝霜改 Lv. 96
28382,152,零式艦戦52型(熟練),0,7,1,-1,
28383,99,九九式艦爆(江草隊),0,7,1,-1,
28384,98,九七式艦攻(熟練),0,7,1,-1,
28418,75,ドラム缶(輸送用),0,0,1,28857,朝風改 Lv. 95
28438,27,13号対空電探,0,0,1,16698,萩風改 Lv. 35
28489,91,12.7cm連装高角砲(後期型),0,0,1,5529,Z1 zwei Lv. 78
28490,47,三式水中探信儀,0,0,1,-1,
28589,36,九一式徹甲弾,0,0,1,1141,陸奥改 Lv. 99
28673,75,ドラム缶(輸送用),0,0,1,13274,清霜改 Lv. 40
28710,36,九一式徹甲弾,0,0,1,207,扶桑改二 Lv. 99
28816,106,13号対空電探改,0,0,1,-1,
28935,63,12.7cm連装砲B型改二,0,0,1,42499,海風 Lv. 1
28961,78,12.7cm単装砲,0,0,1,-1,
28962,85,3.7cm FlaK M42,0,0,1,-1,
28963,78,12.7cm単装砲,0,0,1,-1,
29090,72,増設バルジ(中型艦),0,0,1,-1,
29216,36,九一式徹甲弾,0,0,1,44358,比叡改二 Lv. 97
29242,78,12.7cm単装砲,0,0,1,49161,Z1 Lv. 1
29243,84,2cm 四連装FlaK 38,0,0,1,-1,
29244,78,12.7cm単装砲,0,0,1,-1,
29301,131,25mm三連装機銃 集中配備,0,0,1,-1,
29326,96,零式艦戦21型(熟練),0,7,1,-1,
29327,99,九九式艦爆(江草隊),0,7,1,210,蒼龍改二 Lv. 99
29328,98,九七式艦攻(熟練),0,7,1,48827,Gambier Bay改 Lv. 98
29342,75,ドラム缶(輸送用),0,0,1,28857,朝風改 Lv. 95
29510,29,33号対水上電探,0,0,1,71,雷改 Lv. 91
29614,75,ドラム缶(輸送用),0,0,1,-1,
29639,91,12.7cm連装高角砲(後期型),0,0,1,11373,初春改二 Lv. 79
29640,45,三式爆雷投射機,6,0,1,48532,Jervis改 Lv. 80
29641,91,12.7cm連装高角砲(後期型),0,0,1,38692,朝潮改二 Lv. 81
29706,43,応急修理女神,0,0,1,-1,
29707,161,16inch三連装砲 Mk.7,6,0,1,22629,Iowa改 Lv. 99
29723,122,10cm連装高角砲+高射装置,0,0,1,29355,秋月改 Lv. 76
29726,146,洋上補給,0,0,1,-1,
29727,146,洋上補給,0,0,1,-1,
29728,162,203mm/53 連装砲,0,0,1,33650,三隈改 Lv. 30
29823,163,Ro.43水偵,0,7,1,200,羽黒改二 Lv. 99
29824,162,203mm/53 連装砲,0,0,1,-1,
29851,86,艦艇修理施設,0,0,1,-1,
29875,71,10cm連装高角砲(砲架),0,0,1,-1,
30041,75,ドラム缶(輸送用),0,0,1,38920,菊月改 Lv. 33
30047,122,10cm連装高角砲+高射装置,0,0,1,51462,陽炎改二 Lv. 74
30048,106,13号対空電探改,0,0,1,3113,秋月改 Lv. 99
30169,75,ドラム缶(輸送用),0,0,1,38920,菊月改 Lv. 33
30223,162,203mm/53 連装砲,0,0,1,-1,
30224,163,Ro.43水偵,0,7,1,280,金剛改二 Lv. 99
30293,96,零式艦戦21型(熟練),0,7,1,-1,
30294,97,九九式艦爆(熟練),0,7,1,-1,
30295,93,九七式艦攻(友永隊),0,7,1,329,飛鷹改 Lv. 99
30332,131,25mm三連装機銃 集中配備,0,0,1,-1,
30333,125,61cm三連装(酸素)魚雷,0,0,1,40019,伊504 Lv. 99
30334,106,13号対空電探改,0,0,1,29441,初月改 Lv. 73
30855,29,33号対水上電探,0,0,1,1,電改 Lv. 91
30856,29,33号対水上電探,0,0,1,-1,
30983,75,ドラム缶(輸送用),0,0,1,3074,春雨改 Lv. 68
31174,96,零式艦戦21型(熟練),0,7,1,-1,
31175,99,九九式艦爆(江草隊),0,7,1,210,蒼龍改二 Lv. 99
31176,98,九七式艦攻(熟練),0,7,1,-1,
31311,8,41cm連装砲,0,0,1,44383,金剛改二 Lv. 97
31331,129,熟練見張員,0,0,1,-1,
31333,27,13号対空電探,0,0,1,-1,
31473,8,41cm連装砲,0,0,1,-1,
31603,75,ドラム缶(輸送用),0,0,1,54,白露改 Lv. 61
31637,105,試製41cm三連装砲,6,0,1,206,山城改二 Lv. 99
31639,74,探照灯,0,0,1,-1,
31640,80,瑞雲12型,0,7,1,13108,瑞穂改 Lv. 99
31672,36,九一式徹甲弾,0,0,1,44383,金剛改二 Lv. 97
32277,105,試製41cm三連装砲,6,0,1,207,扶桑改二 Lv. 99
32278,8,41cm連装砲,0,0,1,44358,比叡改二 Lv. 97
32280,80,瑞雲12型,0,7,1,34195,鈴谷改二 Lv. 98
33004,63,12.7cm連装砲B型改二,0,0,1,28612,山風改 Lv. 62
33070,63,12.7cm連装砲B型改二,0,0,1,-1,
33072,68,大発動艇,5,0,1,12,睦月改二 Lv. 99
33294,36,九一式徹甲弾,0,0,1,48403,Warspite改 Lv. 97
33413,75,ドラム缶(輸送用),0,0,1,38662,望月改 Lv. 63
33460,68,大発動艇,0,0,1,41920,満潮改二 Lv. 98
33563,29,33号対水上電探,0,0,1,-1,
33820,63,12.7cm連装砲B型改二,0,0,1,52666,Samuel B.Roberts Lv. 45
33822,101,照明弾,0,0,1,-1,
33824,58,61cm五連装(酸素)魚雷,0,0,1,1276,伊168改 Lv. 99
33885,75,ドラム缶(輸送用),0,0,1,3074,春雨改 Lv. 68
33961,167,特二式内火艇,0,0,1,31039,荒潮改二 Lv. 98
34100,75,ドラム缶(輸送用),0,0,1,38920,菊月改 Lv. 33
34105,75,ドラム缶(輸送用),0,0,1,28351,球磨改 Lv. 55
34166,62,試製晴嵐,0,7,1,-1,
34174,75,ドラム缶(輸送用),0,0,1,38662,望月改 Lv. 63
34182,75,ドラム缶(輸送用),0,0,1,3673,天津風改 Lv. 95
34185,167,特二式内火艇,0,0,1,20915,大潮改二 Lv. 98
34199,69,カ号観測機,0,0,1,-1,
34273,58,61cm五連装(酸素)魚雷,2,0,1,-1,
34291,75,ドラム缶(輸送用),0,0,1,32208,鬼怒改二 Lv. 89
34298,145,戦闘糧食,8,0,1,-1,
34300,166,大発動艇(八九式中戦車&陸戦隊),0,0,1,-1,
34397,169,一式陸攻,0,6,1,-1,
34432,174,53cm連装魚雷,0,0,1,-1,
34433,173,Bofors 40mm四連装機関砲,0,0,1,-1,
34454,169,一式陸攻,0,6,1,-1,
34455,176,三式戦 飛燕,0,7,1,-1,
34611,169,一式陸攻,0,6,1,-1,
34612,177,三式戦 飛燕(飛行第244戦隊),0,7,1,-1,
34613,175,雷電,0,7,1,-1,
34614,162,203mm/53 連装砲,0,0,1,-1,
34792,178,PBY-5A Catalina,0,7,1,-1,
34793,170,一式陸攻(野中隊),0,5,1,-1,
34908,174,53cm連装魚雷,0,0,1,-1,
35071,50,20.3cm(3号)連装砲,0,0,1,19429,Zara due Lv. 96
35083,75,ドラム缶(輸送用),0,0,1,28351,球磨改 Lv. 55
35126,161,16inch三連装砲 Mk.7,6,0,1,22629,Iowa改 Lv. 99
35127,172,5inch連装砲 Mk.28 mod.2,0,0,1,-1,
35154,55,紫電改二,0,7,1,50045,Intrepid改 Lv. 81
35197,52,流星改,0,7,1,180,熊野航改二 Lv. 99
35247,75,ドラム缶(輸送用),0,0,1,28666,瑞穂改 Lv. 41
35284,57,彗星一二型甲,0,7,1,-1,
35297,50,20.3cm(3号)連装砲,6,0,1,8438,摩耶改二 Lv. 99
35437,60,零式艦戦62型(爆戦),0,7,1,-1,
35468,75,ドラム缶(輸送用),0,0,1,38662,望月改 Lv. 63
35474,22,烈風,0,7,1,31370,加賀改 Lv. 90
35487,161,16inch三連装砲 Mk.7,0,0,1,1141,陸奥改 Lv. 99
35488,172,5inch連装砲 Mk.28 mod.2,0,0,1,8438,摩耶改二 Lv. 99
35489,173,Bofors 40mm四連装機関砲,0,0,1,-1,
35490,171,OS2U,0,7,1,-1,
35531,162,203mm/53 連装砲,0,0,1,-1,
35532,164,Ro.44水上戦闘機,0,7,1,-1,
35539,126,WG42 (Wurfgerät 42),0,0,1,31039,荒潮改二 Lv. 98
35629,126,WG42 (Wurfgerät 42),0,0,1,-1,
35695,22,烈風,0,7,1,30492,瑞鶴改二 Lv. 99
35756,57,彗星一二型甲,0,7,1,-1,
35787,62,試製晴嵐,0,7,1,-1,
35838,22,烈風,0,7,1,30067,翔鶴改二 Lv. 99
36046,50,20.3cm(3号)連装砲,0,0,1,33997,熊野改二 Lv. 98
36141,75,ドラム缶(輸送用),0,0,1,-1,
36220,52,流星改,0,7,1,3083,瑞鳳改二乙 Lv. 99
36221,57,彗星一二型甲,0,7,1,-1,
36222,57,彗星一二型甲,0,7,1,-1,
36226,57,彗星一二型甲,0,7,1,-1,
36227,60,零式艦戦62型(爆戦),0,7,1,-1,
36286,96,零式艦戦21型(熟練),0,7,1,-1,
36287,99,九九式艦爆(江草隊),0,7,1,-1,
36288,98,九七式艦攻(熟練),0,7,1,48827,Gambier Bay改 Lv. 98
36355,52,流星改,0,7,1,180,熊野航改二 Lv. 99
36356,52,流星改,0,7,1,30492,瑞鶴改二 Lv. 99
36384,22,烈風,0,7,1,16577,Graf Zeppelin改 Lv. 99
36401,127,試製FaT仕様九五式酸素魚雷改,0,0,1,-1,
36514,75,ドラム缶(輸送用),0,0,1,32199,松風改 Lv. 95
36527,29,33号対水上電探,0,0,1,6910,初霜改二 Lv. 94
36749,75,ドラム缶(輸送用),0,0,1,-1,
36881,59,零式水上観測機,0,7,1,-1,
36882,29,33号対水上電探,0,0,1,1,電改 Lv. 91
36964,179,試製61cm六連装(酸素)魚雷,0,0,1,3913,雪風改 Lv. 99
36988,32,14号対空電探,0,0,1,6371,古鷹改二 Lv. 78
37002,59,零式水上観測機,0,7,1,-1,
37053,152,零式艦戦52型(熟練),0,7,1,-1,
37054,99,九九式艦爆(江草隊),0,7,1,210,蒼龍改二 Lv. 99
37055,98,九七式艦攻(熟練),0,7,1,-1,
37057,75,ドラム缶(輸送用),0,0,1,32199,松風改 Lv. 95
37072,51,12cm30連装噴進砲,10,0,1,-1,
37308,145,戦闘糧食,6,0,1,-1,
37314,32,14号対空電探,0,0,1,11764,加古改二 Lv. 77
37718,75,ドラム缶(輸送用),0,0,1,3673,天津風改 Lv. 95
37807,166,大発動艇(八九式中戦車&陸戦隊),0,0,1,31039,荒潮改二 Lv. 98
37808,47,三式水中探信儀,0,0,1,48293,日振改 Lv. 78
37814,31,32号対水上電探,0,0,1,537,榛名改二 Lv. 99
37829,149,四式水中聴音機,0,0,1,328,浜風乙改 Lv. 92
37840,27,13号対空電探,0,0,1,-1,
37886,52,流星改,0,7,1,-1,
37900,29,33号対水上電探,0,0,1,3391,長波改二 Lv. 98
37985,96,零式艦戦21型(熟練),0,7,1,-1,
37986,99,九九式艦爆(江草隊),0,7,1,3526,飛龍改二 Lv. 99
37987,98,九七式艦攻(熟練),0,7,1,-1,
38061,47,三式水中探信儀,0,0,1,-1,
38067,145,戦闘糧食,6,0,1,-1,
38094,32,14号対空電探,0,0,1,-1,
38115,59,零式水上観測機,0,7,1,-1,
38222,58,61cm五連装(酸素)魚雷,6,0,1,-1,
38260,59,零式水上観測機,0,7,1,-1,
38261,32,14号対空電探,0,0,1,-1,
38430,31,32号対水上電探,0,0,1,-1,
38487,59,零式水上観測機,0,7,1,-1,
38488,28,22号対水上電探,0,0,1,-1,
38542,32,14号対空電探,0,0,1,-1,
38634,181,零式艦戦32型,0,7,1,-1,
38673,47,三式水中探信儀,0,0,1,18131,Z3 zwei Lv. 78
38713,31,32号対水上電探,0,0,1,39921,Richelieu改 Lv. 99
38755,47,三式水中探信儀,0,0,1,9689,叢雲改二 Lv. 89
38781,58,61cm五連装(酸素)魚雷,8,0,1,77,時雨改二 Lv. 135
38839,47,三式水中探信儀,0,0,1,-1,
38859,59,零式水上観測機,0,7,1,14871,三隈改 Lv. 99
38860,181,零式艦戦32型,0,7,1,-1,
38899,22,烈風,0,7,1,180,熊野航改二 Lv. 99
38915,22,烈風,0,7,1,3781,鈴谷航改二 Lv. 99
38986,63,12.7cm連装砲B型改二,0,0,1,52666,Samuel B.Roberts Lv. 45
39075,47,三式水中探信儀,0,0,1,-1,
39080,75,ドラム缶(輸送用),0,0,1,32199,松風改 Lv. 95
39102,29,33号対水上電探,0,0,1,120,暁改二 Lv. 91
39106,96,零式艦戦21型(熟練),0,7,1,-1,
39107,99,九九式艦爆(江草隊),0,7,1,3526,飛龍改二 Lv. 99
39108,98,九七式艦攻(熟練),0,7,1,-1,
39280,52,流星改,0,7,1,30492,瑞鶴改二 Lv. 99
39289,47,三式水中探信儀,0,0,1,16469,鹿島改 Lv. 96
39316,181,零式艦戦32型,0,7,1,-1,
39342,50,20.3cm(3号)連装砲,0,0,1,19429,Zara due Lv. 96
39385,57,彗星一二型甲,0,7,1,-1,
39391,9,46cm三連装砲,0,0,1,537,榛名改二 Lv. 99
39465,31,32号対水上電探,0,0,1,-1,
39509,58,61cm五連装(酸素)魚雷,9,0,1,77,時雨改二 Lv. 135
39525,75,ドラム缶(輸送用),0,0,1,-1,
39687,166,大発動艇(八九式中戦車&陸戦隊),0,0,1,20915,大潮改二 Lv. 98
39688,186,一式陸攻 三四型,0,7,1,-1,
39707,185,三式戦 飛燕一型丁,0,7,1,-1,
39713,163,Ro.43水偵,0,7,1,5183,武蔵改二 Lv. 99
39769,184,Re.2001 OR改,0,7,1,-1,
39848,191,QF 2ポンド8連装ポンポン砲,0,0,1,-1,
39849,187,銀河,0,6,1,-1,
39881,147,120mm連装砲,0,0,1,41,夕立改二 Lv. 99
40089,75,ドラム缶(輸送用),0,0,1,3673,天津風改 Lv. 95
40101,58,61cm五連装(酸素)魚雷,0,0,1,715,伊58改 Lv. 99
40108,189,Re.2005 改,0,7,1,11441,翔鶴改二甲 Lv. 99
40109,192,38.1cm Mk.I/N連装砲改,0,0,1,14610,Bismarck drei Lv. 99
40149,174,53cm連装魚雷,0,0,1,-1,
40175,50,20.3cm(3号)連装砲,0,0,1,216,妙高改二 Lv. 99
40322,123,SKC34 20.3cm連装砲,0,0,1,34195,鈴谷改二 Lv. 98
40323,115,Ar196改,0,7,1,7067,阿賀野改 Lv. 56
40331,123,SKC34 20.3cm連装砲,0,0,1,5056,足柄改二 Lv. 98
40332,115,Ar196改,0,7,1,49198,三隈 Lv. 30
40343,174,53cm連装魚雷,0,0,1,-1,
40367,147,120mm連装砲,0,0,1,41,夕立改二 Lv. 99
40368,147,120mm連装砲,0,0,1,-1,
40418,63,12.7cm連装砲B型改二,0,0,1,-1,
40588,109,零戦52型丙(六〇一空),0,7,1,-1,
40589,111,彗星(六〇一空),0,7,1,1144,瑞鶴改二甲 Lv. 99
40590,112,天山(六〇一空),0,7,1,48827,Gambier Bay改 Lv. 98
40591,54,彩雲,0,7,1,240,隼鷹改二 Lv. 99
40661,180,一式陸攻 二二型甲,0,6,1,-1,
40718,192,38.1cm Mk.I/N連装砲改,0,0,1,14610,Bismarck drei Lv. 99
40719,191,QF 2ポンド8連装ポンポン砲,0,0,1,-1,
40770,123,SKC34 20.3cm連装砲,0,0,1,33997,熊野改二 Lv. 98
40771,84,2cm 四連装FlaK 38,0,0,1,-1,
40772,124,FuMO25 レーダー,0,0,1,469,霧島改二 Lv. 99
40845,184,Re.2001 OR改,0,7,1,-1,
40846,188,Re.2001 G改,0,7,1,-1,
41113,146,洋上補給,0,0,1,-1,
41181,9,46cm三連装砲,0,0,1,431,比叡改二 Lv. 99
41237,58,61cm五連装(酸素)魚雷,0,0,1,25503,伊26改 Lv. 99
41254,29,33号対水上電探,0,0,1,120,暁改二 Lv. 91
41255,9,46cm三連装砲,0,0,1,39921,Richelieu改 Lv. 99
41341,123,SKC34 20.3cm連装砲,0,0,1,200,羽黒改二 Lv. 99
41342,84,2cm 四連装FlaK 38,0,0,1,-1,
41343,124,FuMO25 レーダー,0,0,1,25846,Warspite改 Lv. 99
41693,9,46cm三連装砲,0,0,1,537,榛名改二 Lv. 99
41758,146,洋上補給,0,0,1,-1,
42130,146,洋上補給,0,0,1,-1,
42482,29,33号対水上電探,0,0,1,120,暁改二 Lv. 91
42646,82,九七式艦攻(九三一空),0,7,1,-1,
42674,50,20.3cm(3号)連装砲,0,0,1,22234,Pola改 Lv. 97
42760,29,33号対水上電探,0,0,1,-1,
42839,29,33号対水上電探,0,0,1,395,吹雪改二 Lv. 91
43035,47,三式水中探信儀,0,0,1,-1,
43053,9,46cm三連装砲,0,0,1,-1,
43082,126,WG42 (Wurfgerät 42),0,0,1,-1,
43375,50,20.3cm(3号)連装砲,2,0,1,8752,鳥海改二 Lv. 99
43388,29,33号対水上電探,0,0,1,395,吹雪改二 Lv. 91
43389,29,33号対水上電探,0,0,1,71,雷改 Lv. 91
43445,68,大発動艇,6,0,1,3,如月改二 Lv. 99
43518,50,20.3cm(3号)連装砲,0,0,1,200,羽黒改二 Lv. 99
43651,69,カ号観測機,0,0,1,-1,
43739,146,洋上補給,0,0,1,-1,
43840,91,12.7cm連装高角砲(後期型),0,0,1,9689,叢雲改二 Lv. 89
43841,131,25mm三連装機銃 集中配備,0,0,1,-1,
43842,68,大発動艇,0,0,1,5,Верный Lv. 99
43847,29,33号対水上電探,0,0,1,71,雷改 Lv. 91
44012,29,33号対水上電探,0,0,1,1,電改 Lv. 91
44086,91,12.7cm連装高角砲(後期型),0,0,1,5529,Z1 zwei Lv. 78
44191,74,探照灯,0,0,1,-1,
44228,41,甲標的,0,0,0,41609,北上改二 Lv. 82
44266,19,九六式艦戦,10,0,1,-1,
44292,42,応急修理要員,0,0,1,-1,
44315,8,41cm連装砲,0,0,1,44360,榛名改 Lv. 27
44327,8,41cm連装砲,0,0,1,44360,榛名改 Lv. 27
44358,9,46cm三連装砲,0,0,1,25846,Warspite改 Lv. 99
44446,43,応急修理女神,0,0,1,-1,
44447,175,雷電,0,7,1,-1,
44448,185,三式戦 飛燕一型丁,0,7,1,-1,
44497,216,二式水戦改(熟練),0,7,1,10261,秋津洲改 Lv. 82
44603,68,大発動艇,0,0,1,-1,
44604,195,SBD,0,7,1,-1,
44605,196,TBD,0,7,1,-1,
44636,59,零式水上観測機,0,7,1,11764,加古改二 Lv. 77
44642,146,洋上補給,0,0,1,-1,
44643,146,洋上補給,0,0,1,-1,
44644,146,洋上補給,0,0,1,-1,
44645,146,洋上補給,0,0,1,-1,
44646,194,Laté 298B,0,7,1,-1,
44647,194,Laté 298B,0,7,1,-1,
44861,186,一式陸攻 三四型,0,7,1,-1,
45040,254,F6F-3N,0,7,1,28961,Saratoga Mk.II Lv. 99
45041,205,F6F-3,0,7,1,-1,
45042,196,TBD,0,7,1,-1,
45108,58,61cm五連装(酸素)魚雷,0,0,1,14820,伊401改 Lv. 99
45155,47,三式水中探信儀,0,0,1,35463,占守改 Lv. 93
45156,87,新型高温高圧缶,0,0,1,-1,
45348,194,Laté 298B,0,7,1,-1,
45416,255,F6F-5N,0,7,1,28961,Saratoga Mk.II Lv. 99
45417,195,SBD,0,7,1,-1,
45468,146,洋上補給,0,0,1,-1,
45652,122,10cm連装高角砲+高射装置,0,0,1,3113,秋月改 Lv. 99
45803,122,10cm連装高角砲+高射装置,0,0,1,51462,陽炎改二 Lv. 74
45883,96,零式艦戦21型(熟練),0,7,1,-1,
45884,99,九九式艦爆(江草隊),0,7,1,-1,
45885,98,九七式艦攻(熟練),0,7,1,-1,
45985,59,零式水上観測機,0,7,1,-1,
46330,52,流星改,0,7,1,316,千代田航改二 Lv. 99
46378,52,流星改,0,7,1,30067,翔鶴改二 Lv. 99
46407,42,応急修理要員,0,0,1,-1,
46413,193,特大発動艇,0,0,1,12,睦月改二 Lv. 99
46444,146,洋上補給,0,0,1,-1,
46642,178,PBY-5A Catalina,0,7,1,-1,
46713,57,彗星一二型甲,0,7,1,-1,
46783,57,彗星一二型甲,0,7,1,-1,
46862,57,彗星一二型甲,0,7,1,-1,
46867,199,噴式景雲改,0,0,1,-1,
46868,52,流星改,0,7,1,30492,瑞鶴改二 Lv. 99
46920,73,増設バルジ(大型艦),0,0,1,-1,
46965,57,彗星一二型甲,0,7,1,-1,
46982,52,流星改,0,7,1,3083,瑞鳳改二乙 Lv. 99
47159,57,彗星一二型甲,0,7,1,-1,
47209,52,流星改,0,7,1,-1,
47369,57,彗星一二型甲,0,7,1,-1,
47505,146,洋上補給,0,0,1,-1,
47522,58,61cm五連装(酸素)魚雷,0,0,1,812,伊58改 Lv. 99
47535,52,流星改,0,7,1,3083,瑞鳳改二乙 Lv. 99
47539,57,彗星一二型甲,0,7,1,-1,
47550,43,応急修理女神,0,0,1,-1,
47647,57,彗星一二型甲,0,7,1,-1,
47663,200,橘花改,0,0,1,-1,
47677,52,流星改,0,7,1,30067,翔鶴改二 Lv. 99
47710,52,流星改,0,7,1,316,千代田航改二 Lv. 99
47745,118,紫雲,0,7,1,3331,大淀改 Lv. 99
47843,57,彗星一二型甲,0,7,1,-1,
48270,42,応急修理要員,0,0,1,-1,
48337,90,20.3cm(2号)連装砲,0,0,1,11764,加古改二 Lv. 77
48338,131,25mm三連装機銃 集中配備,0,0,1,-1,
48339,121,94式高射装置,0,0,1,-1,
48343,33,改良型艦本式タービン,0,0,1,-1,
48404,33,改良型艦本式タービン,0,0,1,-1,
48411,22,烈風,0,7,1,31370,加賀改 Lv. 90
48413,71,10cm連装高角砲(砲架),0,0,1,-1,
49049,152,零式艦戦52型(熟練),0,7,1,-1,
49050,97,九九式艦爆(熟練),0,7,1,-1,
49051,93,九七式艦攻(友永隊),0,7,1,240,隼鷹改二 Lv. 99
49499,33,改良型艦本式タービン,0,0,1,-1,
49514,146,洋上補給,0,0,1,-1,
49619,68,大発動艇,0,0,1,5,Верный Lv. 99
49620,74,探照灯,0,0,1,-1,
49622,122,10cm連装高角砲+高射装置,0,0,1,40662,照月改 Lv. 73
49623,106,13号対空電探改,0,0,1,19366,初月改 Lv. 99
49630,122,10cm連装高角砲+高射装置,0,0,1,13250,照月改 Lv. 99
49631,106,13号対空電探改,0,0,1,9327,浦風丁改 Lv. 80
49783,63,12.7cm連装砲B型改二,0,0,1,-1,
50291,208,晴嵐(六三一空),0,7,1,19429,Zara due Lv. 96
50581,146,洋上補給,0,0,1,-1,
50582,146,洋上補給,0,0,1,-1,
50583,146,洋上補給,0,0,1,-1,
50584,210,潜水艦搭載電探&水防式望遠鏡,0,0,1,-1,
50629,55,紫電改二,0,7,1,50045,Intrepid改 Lv. 81
50891,22,烈風,0,7,1,29483,赤城改 Lv. 90
50902,212,彩雲(東カロリン空),0,7,1,1144,瑞鶴改二甲 Lv. 99
50965,57,彗星一二型甲,0,7,1,-1,
50970,15,61cm四連装(酸素)魚雷,0,0,1,-1,
50971,47,三式水中探信儀,0,0,1,-1,
50972,87,新型高温高圧缶,0,0,1,3463,秋雲改 Lv. 32
50988,22,烈風,0,7,1,1108,加賀改 Lv. 99
51113,15,61cm四連装(酸素)魚雷,0,0,1,1276,伊168改 Lv. 99
51114,47,三式水中探信儀,0,0,1,7221,香取改 Lv. 99
51115,87,新型高温高圧缶,0,0,1,3221,夕雲改 Lv. 31
51233,47,三式水中探信儀,0,0,1,35550,大鷹改二 Lv. 99
51234,87,新型高温高圧缶,0,0,1,28612,山風改 Lv. 62
51287,45,三式爆雷投射機,0,0,1,43384,佐渡改 Lv. 82
51306,54,彩雲,0,7,1,50045,Intrepid改 Lv. 81
51314,47,三式水中探信儀,0,0,1,35373,国後改 Lv. 93
51315,87,新型高温高圧缶,0,0,1,-1,
51430,164,Ro.44水上戦闘機,0,7,1,-1,
51431,162,203mm/53 連装砲,0,0,1,-1,
51432,72,増設バルジ(中型艦),0,0,1,-1,
51467,146,洋上補給,0,0,1,-1,
51578,203,艦本新設計 増設バルジ(中型艦),0,0,1,-1,
51608,32,14号対空電探,0,0,1,881,衣笠改二 Lv. 71
51710,50,20.3cm(3号)連装砲,0,0,1,7067,阿賀野改 Lv. 56
51731,211,潜水艦搭載電探&逆探(E27),0,0,1,32411,伊14改 Lv. 99
51732,62,試製晴嵐,0,7,1,-1,
51802,169,一式陸攻,0,6,1,-1,
51817,129,熟練見張員,0,0,1,3093,朝雲改 Lv. 71
51858,213,後期型艦首魚雷(6門),0,0,1,-1,
51931,31,32号対水上電探,0,0,1,-1,
51964,31,32号対水上電探,0,0,1,25846,Warspite改 Lv. 99
52027,31,32号対水上電探,0,0,1,469,霧島改二 Lv. 99
52825,163,Ro.43水偵,0,7,1,216,妙高改二 Lv. 99
52898,163,Ro.43水偵,0,7,1,22234,Pola改 Lv. 97
52964,146,洋上補給,0,0,1,-1,
53866,91,12.7cm連装高角砲(後期型),0,0,1,6910,初霜改二 Lv. 94
53867,106,13号対空電探改,0,0,1,-1,
53868,68,大発動艇,6,0,1,3,如月改二 Lv. 99
54214,91,12.7cm連装高角砲(後期型),0,0,1,38692,朝潮改二 Lv. 81
54215,131,25mm三連装機銃 集中配備,0,0,1,-1,
54216,68,大発動艇,0,0,1,-1,
54259,50,20.3cm(3号)連装砲,0,0,1,14871,三隈改 Lv. 99
54707,217,強風改,0,7,1,33997,熊野改二 Lv. 98
55180,146,洋上補給,0,0,1,-1,
55306,226,九五式爆雷,0,0,1,35557,択捉改 Lv. 94
55307,221,一式戦 隼II型,0,5,1,-1,
55681,43,応急修理女神,0,0,1,-1,
55682,227,二式爆雷,0,0,1,46504,龍田改二 Lv. 86
55683,222,一式戦 隼III型甲,0,7,1,-1,
55901,223,一式戦 隼III型甲(54戦隊),0,7,1,-1,
55902,230,特大発動艇+戦車第11連隊,0,0,1,-1,
55903,228,九六式艦戦改,0,7,1,-1,
55964,224,爆装一式戦 隼III型改(55戦隊),0,2,1,-1,
56041,225,一式戦 隼II型(64戦隊),0,7,1,-1,
56042,231,30.5cm三連装砲,0,0,1,-1,
56043,231,30.5cm三連装砲,0,0,1,-1,
56059,99,九九式艦爆(江草隊),0,7,1,3526,飛龍改二 Lv. 99
56155,228,九六式艦戦改,0,7,1,-1,
56403,229,12.7cm単装高角砲(後期型),0,0,1,-1,
56404,227,二式爆雷,0,0,1,23377,朝潮改二丁 Lv. 98
56481,229,12.7cm単装高角砲(後期型),0,0,1,-1,
56532,82,九七式艦攻(九三一空),0,7,1,-1,
56623,232,30.5cm三連装砲改,0,0,1,-1,
56993,129,熟練見張員,0,0,1,8365,山雲改 Lv. 70
57136,83,天山(九三一空),0,7,1,35550,大鷹改二 Lv. 99
57190,32,14号対空電探,0,0,1,28219,青葉改 Lv. 72
57195,129,熟練見張員,0,0,1,-1,
57217,105,試製41cm三連装砲,2,0,1,1141,陸奥改 Lv. 99
57218,71,10cm連装高角砲(砲架),0,0,1,-1,
57219,73,増設バルジ(大型艦),0,0,1,-1,
57227,31,32号対水上電探,0,0,1,431,比叡改二 Lv. 99
57452,219,零式艦戦63型(爆戦),0,7,1,40374,Ark Royal改 Lv. 99
57453,220,8cm高角砲改+増設機銃,0,0,1,-1,
57554,232,30.5cm三連装砲改,0,0,1,-1,
57846,146,洋上補給,0,0,0,-1,
58011,169,一式陸攻,0,7,1,-1,
58164,204,艦本新設計 増設バルジ(大型艦),0,0,1,-1,
59050,229,12.7cm単装高角砲(後期型),0,0,1,47785,若葉改 Lv. 21
59051,238,零式水上偵察機11型乙,0,7,1,-1,
59124,235,15.5cm三連装砲改,0,0,1,3331,大淀改 Lv. 99
59226,101,照明弾,0,0,1,691,島風改 Lv. 99
59227,74,探照灯,0,0,1,-1,
59228,102,九八式水上偵察機(夜偵),0,7,1,35651,由良改二 Lv. 99
59466,9,46cm三連装砲,0,0,1,469,霧島改二 Lv. 99
59542,146,洋上補給,0,0,0,-1,
59938,235,15.5cm三連装砲改,0,0,1,3331,大淀改 Lv. 99
60010,74,探照灯,0,0,1,-1,
60205,42,応急修理要員,0,0,1,-1,
60294,241,戦闘糧食(特別なおにぎり),0,0,1,-1,
60390,146,洋上補給,0,0,0,-1,
60507,163,Ro.43水偵,0,7,1,44358,比叡改二 Lv. 97
60740,163,Ro.43水偵,0,7,1,44355,霧島改二 Lv. 91
61190,131,25mm三連装機銃 集中配備,0,0,1,-1,
61192,106,13号対空電探改,0,0,1,-1,
61243,146,洋上補給,0,0,0,-1,
61629,163,Ro.43水偵,0,7,1,1141,陸奥改 Lv. 99
61651,163,Ro.43水偵,0,7,1,5056,足柄改二 Lv. 98
61797,163,Ro.43水偵,0,7,1,5534,那智改二 Lv. 98
61802,163,Ro.43水偵,0,7,1,3721,長門改二 Lv. 99
62204,242,Swordfish,0,7,1,-1,
62290,43,応急修理女神,0,0,1,-1,
62291,227,二式爆雷,0,0,1,48532,Jervis改 Lv. 80
62292,250,Spitfire Mk.I,0,0,1,-1,
62515,146,洋上補給,0,0,0,-1,
62516,146,洋上補給,0,0,0,-1,
62517,146,洋上補給,0,0,0,-1,
62518,248,Skua,0,7,1,-1,
62519,243,Swordfish Mk.II(熟練),0,7,1,-1,
62614,251,Spitfire Mk.V,0,7,1,-1,
62615,245,38cm四連装砲,0,0,1,-1,
62616,247,15.2cm三連装砲,0,0,1,1129,阿武隈改二 Lv. 99
62626,147,120mm連装砲,0,0,1,41,夕立改二 Lv. 99
62745,186,一式陸攻 三四型,0,5,1,-1,
62746,253,Spitfire Mk.IX(熟練),0,7,1,-1,
62872,133,381mm/50 三連装砲,0,0,1,-1,
62873,134,OTO 152mm三連装速射砲,0,0,1,13000,大井改二 Lv. 99
62874,136,プリエーゼ式水中防御隔壁,0,0,1,-1,
62905,133,381mm/50 三連装砲,0,0,1,-1,
62906,134,OTO 152mm三連装速射砲,0,0,1,-1,
62907,136,プリエーゼ式水中防御隔壁,0,0,1,-1,
62979,252,Seafire Mk.III改,0,7,1,-1,
63227,243,Swordfish Mk.II(熟練),0,7,1,-1,
63228,248,Skua,0,7,1,-1,
63229,242,Swordfish,0,7,1,-1,
63256,87,新型高温高圧缶,0,0,1,3950,大鯨 Lv. 55
63259,87,新型高温高圧缶,0,0,1,38692,朝潮改二 Lv. 81
63265,146,洋上補給,0,0,0,-1,
63337,194,Laté 298B,0,7,1,-1,
63446,129,熟練見張員,0,0,1,-1,
63449,129,熟練見張員,0,0,1,-1,
63591,59,零式水上観測機,0,7,1,28219,青葉改 Lv. 72
63615,59,零式水上観測機,0,7,1,3950,大鯨 Lv. 55
63622,122,10cm連装高角砲+高射装置,0,0,1,40662,照月改 Lv. 73
63633,129,熟練見張員,0,0,1,-1,
63644,52,流星改,0,7,1,316,千代田航改二 Lv. 99
63670,87,新型高温高圧缶,0,0,1,15,綾波改二 Lv. 99
63673,87,新型高温高圧缶,0,0,1,17223,霞改二 Lv. 98
63674,129,熟練見張員,0,0,1,-1,
63677,229,12.7cm単装高角砲(後期型),0,0,1,47785,若葉改 Lv. 21
63678,226,九五式爆雷,0,0,1,39958,松輪改 Lv. 94
63680,249,Fulmar,0,7,1,-1,
63681,242,Swordfish,0,7,1,-1,
63682,191,QF 2ポンド8連装ポンポン砲,0,0,1,-1,
63683,246,38cm四連装砲改,0,0,1,-1,
63684,247,15.2cm三連装砲,0,0,1,-1,
63812,169,一式陸攻,0,7,1,-1,
64114,146,洋上補給,0,0,0,-1,
64676,233,F4U-1D,0,7,1,-1,
64677,257,TBM-3D,0,7,1,28961,Saratoga Mk.II Lv. 99
64678,62,試製晴嵐,0,7,1,-1,
64679,59,零式水上観測機,0,7,1,3331,大淀改 Lv. 99
64682,59,零式水上観測機,0,7,1,881,衣笠改二 Lv. 71
64683,41,甲標的,0,0,0,5236,千歳甲 Lv. 69
64685,122,10cm連装高角砲+高射装置,0,0,1,13250,照月改 Lv. 99
64686,106,13号対空電探改,0,0,1,40662,照月改 Lv. 73
64790,146,洋上補給,0,0,0,-1,
64867,242,Swordfish,0,7,1,-1,
64868,242,Swordfish,0,7,1,-1,
65269,63,12.7cm連装砲B型改二,0,0,1,-1,
65282,260,Type124 ASDIC,0,0,1,49344,Ташкент改 Lv. 96
65329,75,ドラム缶(輸送用),0,0,0,-1,
65738,22,烈風,0,0,0,-1,
65760,63,12.7cm連装砲B型改二,0,0,1,43222,曙改 Lv. 32
65761,125,61cm三連装(酸素)魚雷,0,0,1,-1,
65779,22,烈風,0,0,0,-1,
65805,22,烈風,0,0,0,-1,
66030,22,烈風,0,0,0,-1,
66141,181,零式艦戦32型,0,7,1,-1,
66245,75,ドラム缶(輸送用),0,0,0,-1,
66250,146,洋上補給,0,0,0,-1,
66570,33,改良型艦本式タービン,0,0,1,-1,
66571,59,零式水上観測機,0,7,1,-1,
66620,258,夜間作戦航空要員,0,0,1,-1,
66666,226,九五式爆雷,0,0,1,2029,夕張改 Lv. 99
66667,146,洋上補給,0,0,0,-1,
66668,146,洋上補給,0,0,0,-1,
66722,59,零式水上観測機,0,7,1,44360,榛名改 Lv. 27
66727,146,洋上補給,0,0,0,-1,
66732,259,夜間作戦航空要員+熟練甲板員,0,0,1,-1,
66862,266,12.7cm連装砲C型改二,0,0,1,-1,
66863,74,探照灯,0,0,1,-1,
66864,28,22号対水上電探,0,0,1,-1,
66928,28,22号対水上電探,0,0,1,-1,
67004,33,改良型艦本式タービン,0,0,1,-1,
67010,33,改良型艦本式タービン,0,0,1,-1,
67144,33,改良型艦本式タービン,0,0,1,-1,
67182,266,12.7cm連装砲C型改二,0,0,1,-1,
67357,68,大発動艇,0,0,1,-1,
67448,33,改良型艦本式タービン,0,0,1,32411,伊14改 Lv. 99
67450,33,改良型艦本式タービン,0,0,1,-1,
67552,33,改良型艦本式タービン,0,0,1,-1,
67881,28,22号対水上電探,0,0,1,-1,
67885,27,13号対空電探,0,0,1,-1,
68006,226,九五式爆雷,0,0,1,43357,対馬改 Lv. 82
68007,239,零式水上偵察機11型乙(熟練),0,7,1,10465,Roma改 Lv. 99
68103,43,応急修理女神,0,0,1,-1,
68104,227,二式爆雷,0,0,1,18,那珂改二 Lv. 87
68107,269,試製東海,0,7,1,-1,
68231,228,九六式艦戦改,0,7,1,-1,
68345,228,九六式艦戦改,0,7,1,-1,
68545,146,洋上補給,0,0,0,-1,
68546,146,洋上補給,0,0,0,-1,
68547,146,洋上補給,0,0,0,-1,
68548,272,遊撃部隊 艦隊司令部,0,0,1,-1,
68549,218,四式戦 疾風,0,7,1,-1,
68550,270,東海(九〇一空),0,7,1,-1,
69011,271,紫電改四,0,7,1,-1,
69012,122,10cm連装高角砲+高射装置,0,0,1,44051,涼月改 Lv. 99
69025,96,零式艦戦21型(熟練),0,7,1,-1,
69026,99,九九式艦爆(江草隊),0,7,1,-1,
69067,47,三式水中探信儀,0,0,1,39958,松輪改 Lv. 94
69068,87,新型高温高圧缶,0,0,1,34596,霞改二 Lv. 86
69263,146,洋上補給,0,0,0,-1,
69303,146,洋上補給,0,0,0,-1,
69389,129,熟練見張員,0,0,1,-1,
69390,28,22号対水上電探,0,0,1,-1,
69392,129,熟練見張員,0,0,1,-1,
69395,129,熟練見張員,0,0,1,-1,
69399,47,三式水中探信儀,0,0,1,48514,大東改 Lv. 78
69400,87,新型高温高圧缶,0,0,1,-1,
69402,47,三式水中探信儀,0,0,1,-1,
69403,87,新型高温高圧缶,0,0,1,-1,
69655,58,61cm五連装(酸素)魚雷,0,0,1,3809,伊19改 Lv. 99
69656,30,21号対空電探,0,0,1,-1,
69658,58,61cm五連装(酸素)魚雷,0,0,1,-1,
69659,30,21号対空電探,0,0,1,-1,
69667,47,三式水中探信儀,0,0,1,43357,対馬改 Lv. 82
69668,87,新型高温高圧缶,0,0,1,43243,不知火改 Lv. 52
69670,47,三式水中探信儀,0,0,1,-1,
69671,87,新型高温高圧缶,0,0,1,-1,
69673,47,三式水中探信儀,0,0,1,16639,酒匂改 Lv. 72
69674,87,新型高温高圧缶,0,0,1,43222,曙改 Lv. 32
69675,129,熟練見張員,0,0,1,-1,
69696,70,三式指揮連絡機(対潜),0,0,1,-1,
69697,69,カ号観測機,0,0,1,-1,
69703,50,20.3cm(3号)連装砲,0,0,1,14871,三隈改 Lv. 99
69704,30,21号対空電探,0,0,1,-1,
69749,229,12.7cm単装高角砲(後期型),0,0,1,-1,
69751,226,九五式爆雷,0,0,1,48514,大東改 Lv. 78
69753,226,九五式爆雷,0,0,1,43384,佐渡改 Lv. 82
69910,228,九六式艦戦改,0,7,1,-1,
70025,266,12.7cm連装砲C型改二,3,0,1,-1,
70066,202,紫電二一型 紫電改,0,2,1,-1,
70440,122,10cm連装高角砲+高射装置,0,0,1,44051,涼月改 Lv. 99
70441,106,13号対空電探改,0,0,1,44051,涼月改 Lv. 99
70493,91,12.7cm連装高角砲(後期型),0,0,1,6910,初霜改二 Lv. 94
70495,268,北方迷彩(+北方装備),0,0,1,-1,
70643,75,ドラム缶(輸送用),0,0,0,-1,
70759,226,九五式爆雷,0,0,1,13020,Libeccio改 Lv. 97
71036,126,WG42 (Wurfgerät 42),0,0,1,-1,
71337,267,12.7cm連装砲D型改二,0,0,1,3391,長波改二 Lv. 98
71763,43,応急修理女神,0,0,1,-1,
71835,146,洋上補給,0,0,0,-1,
71945,175,雷電,0,7,1,-1,
72621,169,一式陸攻,0,6,1,-1,
72867,266,12.7cm連装砲C型改二,0,0,1,-1,
73583,43,応急修理女神,0,0,1,-1,
73615,75,ドラム缶(輸送用),0,0,0,-1,
73720,266,12.7cm連装砲C型改二,0,0,1,-1,
73721,146,洋上補給,0,0,0,-1,
73722,146,洋上補給,0,0,0,-1,
73810,228,九六式艦戦改,0,7,1,-1,
74046,91,12.7cm連装高角砲(後期型),0,0,1,13502,磯風乙改 Lv. 85
74047,45,三式爆雷投射機,0,0,1,49344,Ташкент改 Lv. 96
74048,174,53cm連装魚雷,3,0,1,-1,
74378,9,46cm三連装砲,3,0,1,-1,
74446,146,洋上補給,0,0,0,-1,
74527,62,試製晴嵐,0,7,1,-1,
74804,229,12.7cm単装高角砲(後期型),0,0,1,-1,
74819,31,32号対水上電探,0,0,1,-1,
75002,41,甲標的,0,0,1,35651,由良改二 Lv. 99
75284,8,41cm連装砲,0,0,0,-1,
75344,68,大発動艇,0,0,1,48,皐月改二 Lv. 99
75351,75,ドラム缶(輸送用),0,0,0,-1,
75365,8,41cm連装砲,0,0,0,-1,
75398,8,41cm連装砲,0,0,0,-1,
75399,8,41cm連装砲,0,0,0,-1,
75623,274,12cm30連装噴進砲改二,0,0,1,-1,
75728,128,試製51cm連装砲,0,0,1,5183,武蔵改二 Lv. 99
75729,142,15m二重測距儀+21号電探改二,0,0,1,-1,
75730,275,10cm連装高角砲改+増設機銃,0,0,1,-1,
75731,87,新型高温高圧缶,0,0,1,-1,
75798,269,試製東海,0,7,1,-1,
75832,43,応急修理女神,0,0,1,-1,
75833,227,二式爆雷,0,0,1,106,村雨改二 Lv. 97
75881,75,ドラム缶(輸送用),0,0,0,-1,
75883,228,九六式艦戦改,0,7,1,-1,
75884,146,洋上補給,0,0,0,-1,
75885,146,洋上補給,0,0,0,-1,
75886,146,洋上補給,0,0,0,-1,
75887,218,四式戦 疾風,0,7,1,-1,
75988,190,38.1cm Mk.I連装砲,0,0,1,48403,Warspite改 Lv. 97
76000,68,大発動艇,0,0,1,48,皐月改二 Lv. 99
76150,8,41cm連装砲,0,0,0,-1,
76194,280,QF 4.7inch砲 Mk.XII改,0,0,1,12853,江風改二 Lv. 98
76563,258,夜間作戦航空要員,0,0,1,-1,
76564,282,130mm B-13連装砲,0,0,1,-1,
76565,277,FM-2,0,7,1,-1,
76895,75,ドラム缶(輸送用),0,0,0,-1,
76952,146,洋上補給,0,0,0,-1,
76953,146,洋上補給,0,0,0,-1,
76954,146,洋上補給,0,0,0,-1,
76955,282,130mm B-13連装砲,0,0,1,-1,
76956,283,533mm 三連装魚雷,0,0,1,-1,
76957,267,12.7cm連装砲D型改二,0,0,1,3391,長波改二 Lv. 98
76961,75,ドラム缶(輸送用),0,0,0,-1,
77019,78,12.7cm単装砲,0,0,0,49161,Z1 Lv. 1
77051,49,25mm単装機銃,0,0,0,-1,
77114,78,12.7cm単装砲,0,0,0,49231,Z3 Lv. 1
77224,75,ドラム缶(輸送用),0,0,0,-1,
77268,282,130mm B-13連装砲,0,0,1,49344,Ташкент改 Lv. 96
77269,33,改良型艦本式タービン,0,0,0,-1,
77272,8,41cm連装砲,0,0,0,-1,
77273,74,探照灯,0,0,0,-1,
77315,280,QF 4.7inch砲 Mk.XII改,0,0,1,12853,江風改二 Lv. 98
77316,260,Type124 ASDIC,0,0,1,48532,Jervis改 Lv. 80
77445,43,応急修理女神,0,0,1,-1,
77446,43,応急修理女神,0,0,1,-1,
77447,271,紫電改四,0,7,1,-1,
77448,279,SK+SG レーダー,0,0,1,8438,摩耶改二 Lv. 99
77665,70,三式指揮連絡機(対潜),0,0,1,-1,
77666,69,カ号観測機,0,0,1,-1,
78049,226,九五式爆雷,0,0,1,48293,日振改 Lv. 78
78051,226,九五式爆雷,0,0,1,-1,
78052,226,九五式爆雷,0,0,1,-1,
78115,263,紫電改(三四三空) 戦闘301,0,0,1,-1,
78116,281,51cm連装砲,0,0,1,6294,大和改 Lv. 99
78117,206,F6F-5,10,7,1,11441,翔鶴改二甲 Lv. 99
78143,109,零戦52型丙(六〇一空),0,7,1,-1,
78144,113,流星(六〇一空),0,7,1,31370,加賀改 Lv. 90
78147,146,洋上補給,0,0,0,-1,
78259,75,ドラム缶(輸送用),0,0,0,-1,
78481,146,洋上補給,0,0,0,-1,
78577,26,瑞雲,0,0,0,-1,
78634,277,FM-2,0,7,1,-1,
78635,256,TBF,0,7,1,-1,
78639,282,130mm B-13連装砲,0,0,1,49344,Ташкент改 Lv. 96
78640,283,533mm 三連装魚雷,0,0,1,-1,
78641,33,改良型艦本式タービン,0,0,1,-1,
78728,21,零式艦戦52型,0,0,0,-1,
78883,266,12.7cm連装砲C型改二,3,0,1,-1,
78884,145,戦闘糧食,6,0,1,-1,
78943,21,零式艦戦52型,0,0,0,-1,
79066,21,零式艦戦52型,0,0,0,-1,
79152,106,13号対空電探改,0,0,1,-1,
79188,106,13号対空電探改,0,0,1,-1,
79189,40,25mm三連装機銃,0,0,0,-1,
79521,21,零式艦戦52型,0,0,0,-1,
79652,233,F4U-1D,0,7,1,-1,
79849,26,瑞雲,0,0,0,-1,
80176,190,38.1cm Mk.I連装砲,0,0,1,48403,Warspite改 Lv. 97
80177,191,QF 2ポンド8連装ポンポン砲,0,0,1,-1,
80426,266,12.7cm連装砲C型改二,0,0,1,-1,
80428,68,大発動艇,0,0,1,-1,
80440,221,一式戦 隼II型,0,0,1,-1,
80458,146,洋上補給,0,0,0,-1,
80460,52,流星改,0,7,1,-1,
80494,226,九五式爆雷,0,0,1,-1,
80529,26,瑞雲,0,0,0,-1,
80671,169,一式陸攻,0,0,1,-1,
80699,20,零式艦戦21型,0,0,0,-1,
80735,59,零式水上観測機,0,7,1,48403,Warspite改 Lv. 97
80849,38,12.7mm単装機銃,0,0,0,-1,
80922,21,零式艦戦52型,0,0,0,-1,
80985,59,零式水上観測機,0,7,1,-1,
80988,20,零式艦戦21型,0,0,0,-1,
80989,21,零式艦戦52型,0,0,0,-1,
80994,21,零式艦戦52型,0,0,0,-1,
81022,59,零式水上観測機,0,7,1,-1,
81060,20,零式艦戦21型,0,0,0,-1,
81063,51,12cm30連装噴進砲,0,0,0,-1,
81064,51,12cm30連装噴進砲,0,0,0,-1,
81065,66,8cm高角砲,0,0,0,-1,
81066,66,8cm高角砲,0,0,0,-1,
81173,181,零式艦戦32型,0,7,1,-1,
81195,20,零式艦戦21型,0,0,0,-1,
81206,75,ドラム缶(輸送用),0,0,0,-1,
81276,20,零式艦戦21型,0,0,0,-1,
81406,55,紫電改二,0,0,0,25567,Aquila改 Lv. 99
81414,20,零式艦戦21型,0,0,0,-1,
81422,20,零式艦戦21型,0,0,0,-1,
81438,20,零式艦戦21型,0,0,0,-1,
81467,20,零式艦戦21型,0,0,0,-1,
81501,21,零式艦戦52型,0,0,0,-1,
81565,21,零式艦戦52型,0,0,0,-1,
81799,226,九五式爆雷,0,0,1,-1,
81803,20,零式艦戦21型,0,0,0,-1,
81852,26,瑞雲,0,0,0,-1,
81856,75,ドラム缶(輸送用),0,0,0,-1,
81861,21,零式艦戦52型,0,0,0,-1,
81895,145,戦闘糧食,0,0,0,-1,
81896,145,戦闘糧食,0,0,0,-1,
81897,145,戦闘糧食,0,0,0,-1,
81988,226,九五式爆雷,5,0,1,-1,
82201,55,紫電改二,0,0,0,25567,Aquila改 Lv. 99
82331,32,14号対空電探,0,0,1,-1,
82335,49,25mm単装機銃,0,0,0,-1,
82372,275,10cm連装高角砲改+増設機銃,0,0,1,-1,
82402,284,5inch単装砲 Mk.30,0,0,1,-1,
82434,146,洋上補給,0,0,0,-1,
82513,75,ドラム缶(輸送用),0,0,0,-1,
82528,40,25mm三連装機銃,0,0,0,-1,
82641,145,戦闘糧食,0,0,0,-1,
82676,266,12.7cm連装砲C型改二,0,0,1,-1,
82757,49,25mm単装機銃,0,0,0,-1,
82761,38,12.7mm単装機銃,0,0,0,-1,
82763,49,25mm単装機銃,0,0,0,-1,
82852,38,12.7mm単装機銃,0,0,0,-1,
82888,37,7.7mm機銃,0,0,0,-1,
82919,19,九六式艦戦,0,0,0,53016,飛鷹 Lv. 1
82920,23,九九式艦爆,0,0,0,53016,飛鷹 Lv. 1
82921,16,九七式艦攻,0,0,0,53016,飛鷹 Lv. 1
82922,23,九九式艦爆,0,0,0,53017,瑞鳳 Lv. 1
82923,16,九七式艦攻,0,0,0,53017,瑞鳳 Lv. 1
